{
  "recorded_at": "2026-04-25T21:19:46.145177+00:00",
  "optimized_params": {
    "population.len_scale": 1.0,
    "population.mtfn_scale": 1.0,
    "population.initial_population": 1650000000.0,
    "capital.initial_ic": 210000000000.0,
    "capital.icor": 3.0,
    "capital.alic": 14.0,
    "capital.alsc": 20.0,
    "agriculture.initial_al": 900000000.0,
    "agriculture.initial_land_fertility": 600.0,
    "agriculture.land_development_rate": 0.005,
    "agriculture.sfpc": 230.0,
    "resources.initial_nr": 1000000000000.0,
    "resources.policy_year": 4000.0,
    "pollution.initial_ppol": 25000000.0,
    "pollution.ahl70": 1.5,
    "pollution.pptd": 111.8
  },
  "sector_nrmsd": {
    "POP": 0.5996431964883375,
    "IC": 1.2788649102204988,
    "industrial_output": 8.541771653237484,
    "AL": 0.01971629513156414,
    "food_per_capita": 2.1303933452466968,
    "pollution_generation": 1.4016686419952038
  },
  "composite_train_nrmsd": 0.919754,
  "composite_validation_nrmsd": 1.307411,
  "overfit_flagged": true
}
